自然灾害,发洪水
自然灾害,水灾
自然灾害,洪水
自然灾害,洪水灾害
自然灾害,洪涝
自然灾害,内涝
自然灾害,溃坝
自然灾害 ,管涌
自然灾害,溃堤
自然灾害,水库垮塌
自然灾害,垮坝
自然灾害,堤防决口
自然灾害,凌汛
自然灾害,冰排
自然灾害,凌洪
自然灾害,山洪
自然灾害,农业干旱
自然灾害,水库干涸
自然灾害,城镇缺水
自然灾害,生态干旱
自然灾害,台风
自然灾害,龙卷风
自然灾害,暴雨
自然灾害,暴雪
自然灾害,寒潮
自然灾害,沙尘暴
自然灾害,低温冻害
自然灾害,下击暴流
自然灾害,高温热浪
自然灾害,雪崩
自然灾害,冰雹
自然灾害,霜冻
自然灾害,火山爆发
自然灾害,火山喷发
自然灾害,地震
自然灾害,滑坡
自然灾害,山体滑坡
自然灾害,崩塌
自然灾害,泥石流
自然灾害,山体崩塌
自然灾害,地面塌陷
自然灾害,路面塌陷
自然灾害,路面坍塌
自然灾害,地面坍塌
自然灾害,地裂缝
自然灾害,地面沉降
自然灾害,海啸
自然灾害,风暴潮
自然灾害,风暴
自然灾害,海冰
自然灾害,巨浪
自然灾害,赤潮
自然灾害,农业病害
自然灾害,病虫害
自然灾害,农业虫害
自然灾害,鼠害
自然灾害,森林虫害
自然灾害,森林病害
自然灾害,生物灾害
自然灾害,外来生物入侵
自然灾害,外来物种入侵
自然灾害,森林火灾
自然灾害,草原火灾
事故灾害,煤矿瓦斯
事故灾害,瓦斯爆炸
事故灾害,煤矿坍塌
事故灾害,井筒坍塌
事故灾害,煤矿火灾
事故灾害,煤矿运输事故
事故灾害,煤矿放炮事故
事故灾害,矿中毒
事故灾害,尾矿库垮坝
事故灾害,尾矿库坍塌
事故灾害,尾矿库垮塌
事故灾害,矿山火灾
事故灾害,火药爆炸
事故灾害,矿山坍塌
事故灾害,施工安全事故
事故灾害,爆炸
事故灾害,危险化学品泄露
事故灾害,危险化学品火灾
事故灾害,危险化学品中毒
事故灾害,危险化学品窒息
事故灾害,危险化学品灼烫
事故灾害,火灾事故
事故灾害,翻车
事故灾害,撞车
事故灾害,车辆坠水
事故灾害,车辆坠沟
事故灾害,车辆起火
事故灾害,校车交通事故
事故灾害,船舶碰撞
事故灾害,船舶触礁
事故灾害,船舶触损
事故灾害,船舶搁浅
事故灾害,船舶火灾
事故灾害,船舶失踪
事故灾害,船舶海上遇险
事故灾害,列车脱轨
事故灾害,列车追尾
事故灾害,列车撞人
事故灾害,列车火灾
事故灾害,列车爆炸
事故灾害,坠机
事故灾害,撞机
事故灾害,锅炉爆炸
事故灾害,电梯事故
事故灾害,大型游乐场设备事故
事故灾害,公路交通设施事故
事故灾害,铁路交通设施事故
事故灾害,城市轨道交通设施事故
事故灾害,城市桥梁隧道设施事故
事故灾害,建筑垮塌
事故灾害,水域污染
事故灾害,土壤污染
事故灾害,海上溢油
事故灾害,盗伐森林
事故灾害,滥伐森林
事故灾害,哄抢森林
事故灾害,毁林
事故灾害,乱占林地
事故灾害,自然保护区生态破坏
事故灾害,风景名胜区生态破坏
事故灾害,非法倾倒危险品
事故灾害,踩踏
事故灾害,核泄漏
公共卫生事件,鼠疫
公共卫生事件,肺炭疽
公共卫生事件,非典型肺炎
公共卫生事件,禽流感
公共卫生事件,重金属中毒
公共卫生事件,中毒
公共卫生事件,口蹄疫
公共卫生事件,疯牛病
公共卫生事件,新城疫
公共卫生事件,蓝舌病
公共卫生事件,动物布鲁氏菌病
公共卫生事件,动物结核病
公共卫生事件,反鱼兽疫
安全事件,非法集会
安全事件,非法游行
安全事件,集体上访请愿
安全事件,静坐事件
安全事件,围攻
安全事件,罢市
安全事件,罢工
安全事件,罢课
安全事件,暴狱
安全事件,聚众闹事
安全事件,砍死
安全事件,砍人
安全事件,杀人
安全事件,爆炸
安全事件,放火
安全事件,绑架
安全事件,劫持人质
安全事件,制毒
安全事件,贩毒
安全事件,走私枪械
安全事件,抢劫枪械
安全事件,抢劫银行
安全事件,盗窃银行
安全事件,抢劫运钞车
安全事件,泄露国家秘密
安全事件,攻击网络
安全事件,骗汇
安全事件,逃汇
安全事件,洗钱
安全事件,金融诈骗
安全事件,偷渡
安全事件,群众抢购粮食
安全事件,粮食脱销断档
安全事件,粮食价格大幅上涨
安全事件,民族分裂活动
安全事件,非法集会
安全事件,民族冲突
安全事件,宗教冲突
安全事件,袭击
安全事件,劫持
安全事件,涉外事件
安全事件,网络病毒传播
安全事件,网络攻击
安全事件,网络入侵
